-- MySQL Script generated by MySQL Workbench
-- Mon Mar  6 12:47:45 2017
-- Model: New Model    Version: 1.0
-- MySQL Workbench Forward Engineering

SET @OLD_UNIQUE_CHECKS=@@UNIQUE_CHECKS, UNIQUE_CHECKS=0;
SET @OLD_FOREIGN_KEY_CHECKS=@@FOREIGN_KEY_CHECKS, FOREIGN_KEY_CHECKS=0;
SET @OLD_SQL_MODE=@@SQL_MODE, SQL_MODE='TRADITIONAL,ALLOW_INVALID_DATES';

-- -----------------------------------------------------
-- Schema FilmsDB
-- -----------------------------------------------------
DROP SCHEMA IF EXISTS `FilmsDB` ;

-- -----------------------------------------------------
-- Schema FilmsDB
-- -----------------------------------------------------
CREATE SCHEMA IF NOT EXISTS `FilmsDB` DEFAULT CHARACTER SET utf8 ;
USE `FilmsDB` ;

-- -----------------------------------------------------
-- Table `FilmsDB`.`Users`
-- -----------------------------------------------------
DROP TABLE IF EXISTS `FilmsDB`.`Users` ;

CREATE TABLE IF NOT EXISTS `FilmsDB`.`Users` (
  `userId` INT UNSIGNED NOT NULL AUTO_INCREMENT,
  `login` VARCHAR(60) NOT NULL,
  `password` BLOB(255) NOT NULL,
  PRIMARY KEY (`userId`),
  UNIQUE INDEX `userId_UNIQUE` (`userId` ASC),
  UNIQUE INDEX `login_UNIQUE` (`login` ASC))
ENGINE = InnoDB;


-- -----------------------------------------------------
-- Table `FilmsDB`.`Country`
-- -----------------------------------------------------
DROP TABLE IF EXISTS `FilmsDB`.`Country` ;

CREATE TABLE IF NOT EXISTS `FilmsDB`.`Country` (
  `idCountry` INT UNSIGNED NOT NULL AUTO_INCREMENT,
  `name` VARCHAR(45) NULL,
  PRIMARY KEY (`idCountry`))
ENGINE = InnoDB;


-- -----------------------------------------------------
-- Table `FilmsDB`.`Producer`
-- -----------------------------------------------------
DROP TABLE IF EXISTS `FilmsDB`.`Producer` ;

CREATE TABLE IF NOT EXISTS `FilmsDB`.`Producer` (
  `idProducer` INT UNSIGNED NOT NULL AUTO_INCREMENT,
  `name` VARCHAR(45) NULL,
  `sname` VARCHAR(45) NULL,
  `yearBorn` YEAR NULL,
  `imageLink` VARCHAR(150) NULL,
  `countryId` INT UNSIGNED NOT NULL,
  PRIMARY KEY (`idProducer`, `countryId`),
  UNIQUE INDEX `idProducer_UNIQUE` (`idProducer` ASC),
  INDEX `fk_Producer_Country1_idx` (`countryId` ASC),
  CONSTRAINT `fk_Producer_Country1`
    FOREIGN KEY (`countryId`)
    REFERENCES `FilmsDB`.`Country` (`idCountry`)
    ON DELETE NO ACTION
    ON UPDATE NO ACTION)
ENGINE = InnoDB;


-- -----------------------------------------------------
-- Table `FilmsDB`.`Films`
-- -----------------------------------------------------
DROP TABLE IF EXISTS `FilmsDB`.`Films` ;

CREATE TABLE IF NOT EXISTS `FilmsDB`.`Films` (
  `idFilms` INT UNSIGNED NOT NULL AUTO_INCREMENT,
  `name` VARCHAR(45) NULL,
  `year` YEAR NULL,
  `rate` VARCHAR(45) NULL,
  `producerId` INT UNSIGNED NOT NULL,
  `link` VARCHAR(100) NULL,
  `imageLink` VARCHAR(150) NULL,
  `rateNum` INT UNSIGNED NOT NULL,
  PRIMARY KEY (`idFilms`),
  INDEX `fk_Films_Producer1_idx` (`producerId` ASC),
  UNIQUE INDEX `idFilms_UNIQUE` (`idFilms` ASC),
  CONSTRAINT `fk_Films_Producer1`
    FOREIGN KEY (`producerId`)
    REFERENCES `FilmsDB`.`Producer` (`idProducer`)
    ON DELETE NO ACTION
    ON UPDATE NO ACTION)
ENGINE = InnoDB;


-- -----------------------------------------------------
-- Table `FilmsDB`.`Actors`
-- -----------------------------------------------------
DROP TABLE IF EXISTS `FilmsDB`.`Actors` ;

CREATE TABLE IF NOT EXISTS `FilmsDB`.`Actors` (
  `idActors` INT UNSIGNED NOT NULL AUTO_INCREMENT,
  `name` VARCHAR(45) NULL,
  `sname` VARCHAR(45) NULL,
  `yearBorn` YEAR NULL,
  `countryId` INT UNSIGNED NOT NULL,
  `imageLink` VARCHAR(170) NULL,
  PRIMARY KEY (`idActors`),
  INDEX `fk_Actors_Country_idx` (`countryId` ASC),
  UNIQUE INDEX `idActors_UNIQUE` (`idActors` ASC),
  CONSTRAINT `fk_Actors_Country`
    FOREIGN KEY (`countryId`)
    REFERENCES `FilmsDB`.`Country` (`idCountry`)
    ON DELETE NO ACTION
    ON UPDATE NO ACTION)
ENGINE = InnoDB;


-- -----------------------------------------------------
-- Table `FilmsDB`.`Actors_Films`
-- -----------------------------------------------------
DROP TABLE IF EXISTS `FilmsDB`.`Actors_Films` ;

CREATE TABLE IF NOT EXISTS `FilmsDB`.`Actors_Films` (
  `actorFilmId` INT UNSIGNED NOT NULL AUTO_INCREMENT,
  `actorsId` INT UNSIGNED NOT NULL,
  `filmsId` INT UNSIGNED NOT NULL,
  INDEX `fk_Actors_has_Films_Films1_idx` (`filmsId` ASC),
  INDEX `fk_Actors_has_Films_Actors1_idx` (`actorsId` ASC),
  PRIMARY KEY (`actorFilmId`),
  UNIQUE INDEX `actorFilmId_UNIQUE` (`actorFilmId` ASC),
  CONSTRAINT `fk_Actors_has_Films_Actors1`
    FOREIGN KEY (`actorsId`)
    REFERENCES `FilmsDB`.`Actors` (`idActors`)
    ON DELETE NO ACTION
    ON UPDATE NO ACTION,
  CONSTRAINT `fk_Actors_has_Films_Films1`
    FOREIGN KEY (`filmsId`)
    REFERENCES `FilmsDB`.`Films` (`idFilms`)
    ON DELETE NO ACTION
    ON UPDATE NO ACTION)
ENGINE = InnoDB;


-- -----------------------------------------------------
-- Table `FilmsDB`.`Films_Country`
-- -----------------------------------------------------
DROP TABLE IF EXISTS `FilmsDB`.`Films_Country` ;

CREATE TABLE IF NOT EXISTS `FilmsDB`.`Films_Country` (
  `countryId` INT UNSIGNED NOT NULL,
  `filmsId` INT UNSIGNED NOT NULL,
  `filmsCountryId` INT UNSIGNED NOT NULL AUTO_INCREMENT,
  INDEX `fk_Country_has_Films_Films1_idx` (`filmsId` ASC),
  INDEX `fk_Country_has_Films_Country1_idx` (`countryId` ASC),
  PRIMARY KEY (`filmsCountryId`),
  UNIQUE INDEX `filmsCountryId_UNIQUE` (`filmsCountryId` ASC),
  CONSTRAINT `fk_Country_has_Films_Country1`
    FOREIGN KEY (`countryId`)
    REFERENCES `FilmsDB`.`Country` (`idCountry`)
    ON DELETE NO ACTION
    ON UPDATE NO ACTION,
  CONSTRAINT `fk_Country_has_Films_Films1`
    FOREIGN KEY (`filmsId`)
    REFERENCES `FilmsDB`.`Films` (`idFilms`)
    ON DELETE NO ACTION
    ON UPDATE NO ACTION)
ENGINE = InnoDB;


-- -----------------------------------------------------
-- Table `FilmsDB`.`Users_Films`
-- -----------------------------------------------------
DROP TABLE IF EXISTS `FilmsDB`.`Users_Films` ;

CREATE TABLE IF NOT EXISTS `FilmsDB`.`Users_Films` (
  `idUser` INT UNSIGNED NOT NULL,
  `idFilms` INT UNSIGNED NOT NULL,
  `userFilmId` INT UNSIGNED NOT NULL AUTO_INCREMENT,
  INDEX `fk_Users_has_Films_Films1_idx` (`idFilms` ASC),
  INDEX `fk_Users_has_Films_Users1_idx` (`idUser` ASC),
  PRIMARY KEY (`userFilmId`),
  UNIQUE INDEX `userFilmId_UNIQUE` (`userFilmId` ASC),
  CONSTRAINT `fk_Users_has_Films_Users1`
    FOREIGN KEY (`idUser`)
    REFERENCES `FilmsDB`.`Users` (`userId`)
    ON DELETE NO ACTION
    ON UPDATE NO ACTION,
  CONSTRAINT `fk_Users_has_Films_Films1`
    FOREIGN KEY (`idFilms`)
    REFERENCES `FilmsDB`.`Films` (`idFilms`)
    ON DELETE NO ACTION
    ON UPDATE NO ACTION)
ENGINE = InnoDB;


-- -----------------------------------------------------
-- Table `FilmsDB`.`UsersRate`
-- -----------------------------------------------------
DROP TABLE IF EXISTS `FilmsDB`.`UsersRate` ;

CREATE TABLE IF NOT EXISTS `FilmsDB`.`UsersRate` (
  `userId` INT UNSIGNED NOT NULL,
  `idFilms` INT UNSIGNED NOT NULL,
  `rate` INT UNSIGNED NOT NULL,
  `userRateId` INT UNSIGNED NOT NULL AUTO_INCREMENT,
  INDEX `fk_Users_has_Films_Films2_idx` (`idFilms` ASC),
  INDEX `fk_Users_has_Films_Users2_idx` (`userId` ASC),
  PRIMARY KEY (`userRateId`),
  UNIQUE INDEX `userRateId_UNIQUE` (`userRateId` ASC),
  CONSTRAINT `fk_Users_has_Films_Users2`
    FOREIGN KEY (`userId`)
    REFERENCES `FilmsDB`.`Users` (`userId`)
    ON DELETE NO ACTION
    ON UPDATE NO ACTION,
  CONSTRAINT `fk_Users_has_Films_Films2`
    FOREIGN KEY (`idFilms`)
    REFERENCES `FilmsDB`.`Films` (`idFilms`)
    ON DELETE NO ACTION
    ON UPDATE NO ACTION)
ENGINE = InnoDB;


SET SQL_MODE=@OLD_SQL_MODE;
SET FOREIGN_KEY_CHECKS=@OLD_FOREIGN_KEY_CHECKS;
SET UNIQUE_CHECKS=@OLD_UNIQUE_CHECKS;

-- -----------------------------------------------------
-- Data for table `FilmsDB`.`Country`
-- -----------------------------------------------------
START TRANSACTION;
USE `FilmsDB`;
INSERT INTO `FilmsDB`.`Country` (`idCountry`, `name`) VALUES (1, 'USA');
INSERT INTO `FilmsDB`.`Country` (`idCountry`, `name`) VALUES (2, 'France');
INSERT INTO `FilmsDB`.`Country` (`idCountry`, `name`) VALUES (3, 'GB');
INSERT INTO `FilmsDB`.`Country` (`idCountry`, `name`) VALUES (4, 'Spain');
INSERT INTO `FilmsDB`.`Country` (`idCountry`, `name`) VALUES (5, 'Italy');
INSERT INTO `FilmsDB`.`Country` (`idCountry`, `name`) VALUES (6, 'Russia');
INSERT INTO `FilmsDB`.`Country` (`idCountry`, `name`) VALUES (7, 'Germany');
INSERT INTO `FilmsDB`.`Country` (`idCountry`, `name`) VALUES (8, 'China');
INSERT INTO `FilmsDB`.`Country` (`idCountry`, `name`) VALUES (9, 'Japan');
INSERT INTO `FilmsDB`.`Country` (`idCountry`, `name`) VALUES (10, 'Canada');
INSERT INTO `FilmsDB`.`Country` (`idCountry`, `name`) VALUES (11, 'Austria');
INSERT INTO `FilmsDB`.`Country` (`idCountry`, `name`) VALUES (12, 'Sweden');

COMMIT;


-- -----------------------------------------------------
-- Data for table `FilmsDB`.`Producer`
-- -----------------------------------------------------
START TRANSACTION;
USE `FilmsDB`;
INSERT INTO `FilmsDB`.`Producer` (`idProducer`, `name`, `sname`, `yearBorn`, `imageLink`, `countryId`) VALUES (1, 'Chad', 'Stahelski', 1968, 'https://st.kp.yandex.net/images/actor_iphone/iphone360_39416.jpg', 1);
INSERT INTO `FilmsDB`.`Producer` (`idProducer`, `name`, `sname`, `yearBorn`, `imageLink`, `countryId`) VALUES (2, 'Jonathan ', 'Favreau', 1966, 'http://lichnosti.net/rs/thumbs/3051/set_8_52622d34a09a1_jpg_0_250_250.png', 1);
INSERT INTO `FilmsDB`.`Producer` (`idProducer`, `name`, `sname`, `yearBorn`, `imageLink`, `countryId`) VALUES (3, 'Francis Ford', 'Coppola', 1939, 'http://www.runyweb.com/image/articles/23698/454-292-Francis_Ford_Coppola_Winery.png', 1);
INSERT INTO `FilmsDB`.`Producer` (`idProducer`, `name`, `sname`, `yearBorn`, `imageLink`, `countryId`) VALUES (4, 'Frank', 'Darabont', 1959, 'http://images.nymag.com/images/2/daily/2010/10/29_darabont-silo_250x375.png', 2);
INSERT INTO `FilmsDB`.`Producer` (`idProducer`, `name`, `sname`, `yearBorn`, `imageLink`, `countryId`) VALUES (5, 'John', 'Avildsen', 1935, 'http://www.kino-teatr.ru/acter/album/61588/pv_42858.jpg', 1);
INSERT INTO `FilmsDB`.`Producer` (`idProducer`, `name`, `sname`, `yearBorn`, `imageLink`, `countryId`) VALUES (6, 'Ted', 'Kotcheff', 1931, 'https://theapprenticeshipoftedkotcheff.files.wordpress.com/2012/05/screen-shot-2014-03-21-at-5-47-33-pm.png?w=549', 10);
INSERT INTO `FilmsDB`.`Producer` (`idProducer`, `name`, `sname`, `yearBorn`, `imageLink`, `countryId`) VALUES (7, 'Antoine', 'Fuqua', 1966, 'https://st.kp.yandex.net/images/actor_iphone/iphone360_12755.jpg', 1);
INSERT INTO `FilmsDB`.`Producer` (`idProducer`, `name`, `sname`, `yearBorn`, `imageLink`, `countryId`) VALUES (8, 'Paul', 'Anderson', 1965, 'http://fb.ru/misc/i/gallery/10639/413932.jpg', 3);
INSERT INTO `FilmsDB`.`Producer` (`idProducer`, `name`, `sname`, `yearBorn`, `imageLink`, `countryId`) VALUES (9, 'James', 'Cameron', 1954, 'http://total3d.ru/media/2016/08/James-Cameron.png', 10);
INSERT INTO `FilmsDB`.`Producer` (`idProducer`, `name`, `sname`, `yearBorn`, `imageLink`, `countryId`) VALUES (10, 'Olivier', 'Nakache', 1973, 'http://s07.radikal.ru/i180/1307/1a/dadc5da488d0.png', 2);

COMMIT;


-- -----------------------------------------------------
-- Data for table `FilmsDB`.`Films`
-- -----------------------------------------------------
START TRANSACTION;
USE `FilmsDB`;
INSERT INTO `FilmsDB`.`Films` (`idFilms`, `name`, `year`, `rate`, `producerId`, `link`, `imageLink`, `rateNum`) VALUES (1, 'The Godfather', 1972, '8.7', 3, 'x1_HdUQ1Mz0', 'http://d1ya1fm0bicxg1.cloudfront.net/2014/10/promoted-media-optimized_54302d7ad9993.png', 179334);
INSERT INTO `FilmsDB`.`Films` (`idFilms`, `name`, `year`, `rate`, `producerId`, `link`, `imageLink`, `rateNum`) VALUES (2, 'The Shawshank Redemption', 1994, '9.1', 4, 'GOniB0Ykp1M', 'http://i4.imageban.ru/out/2014/01/25/63f7a123ef3d33316fa4d27ed5f132c9.png', 412770);
INSERT INTO `FilmsDB`.`Films` (`idFilms`, `name`, `year`, `rate`, `producerId`, `link`, `imageLink`, `rateNum`) VALUES (3, 'John Wick', 2014, '6.9', 1, '90PyebvT-9Y', 'http://www.shockya.com/news/wp-content/uploads/John-Wick-Takes-Over-Fantastic-Fest-2014-with-Sold-Out-Screenings.png', 86150);
INSERT INTO `FilmsDB`.`Films` (`idFilms`, `name`, `year`, `rate`, `producerId`, `link`, `imageLink`, `rateNum`) VALUES (4, 'Resident Evil', 2002, '7.5', 8, 'ai7Xlt6kr0Y', 'https://sipasultaworks.files.wordpress.com/2014/05/resident-evil-movie.png', 99336);
INSERT INTO `FilmsDB`.`Films` (`idFilms`, `name`, `year`, `rate`, `producerId`, `link`, `imageLink`, `rateNum`) VALUES (5, '1+1', 2011, '8.8', 10, '2FoP5ZXjVhQ', 'http://irecommend.ru/sites/default/files/product-images/23683/e77ea6b4c2fe950086a5ed57e61e8154.png', 399368);
INSERT INTO `FilmsDB`.`Films` (`idFilms`, `name`, `year`, `rate`, `producerId`, `link`, `imageLink`, `rateNum`) VALUES (6, 'The Equalizer', 2014, '6.9', 7, 'I9KxbsRPu44', 'https://sixdegreesoffilm.files.wordpress.com/2014/10/the-equalizer-2014.png?w=1400', 63665);
INSERT INTO `FilmsDB`.`Films` (`idFilms`, `name`, `year`, `rate`, `producerId`, `link`, `imageLink`, `rateNum`) VALUES (7, 'The Terminator', 1984, '7.9', 9, 'k64P4l2Wmeg', 'https://70srichard.files.wordpress.com/2014/12/poster-terminator-1-1984-schwarzenegger.png', 129904);
INSERT INTO `FilmsDB`.`Films` (`idFilms`, `name`, `year`, `rate`, `producerId`, `link`, `imageLink`, `rateNum`) VALUES (8, 'Rocky', 1976, '8.0', 5, '7RYpJAUMo2M', 'https://upload.wikimedia.org/wikipedia/commons/a/a4/Rocky_Balboa_%28Film%29_Logo.png', 63302);
INSERT INTO `FilmsDB`.`Films` (`idFilms`, `name`, `year`, `rate`, `producerId`, `link`, `imageLink`, `rateNum`) VALUES (9, 'Rambo: First Blood', 1982, '7.7', 6, 'IAqLKlxY3Eo', 'http://pre14.deviantart.net/9af1/th/pre/i/2012/286/a/c/rambo__first_blood_alternative_poster_by_mightybeaver-d5hnh52.png', 36936);
INSERT INTO `FilmsDB`.`Films` (`idFilms`, `name`, `year`, `rate`, `producerId`, `link`, `imageLink`, `rateNum`) VALUES (10, 'Iron Man', 2008, '7.8', 2, 'nAXX9eRDg4o', 'http://vignette4.wikia.nocookie.net/marvelcinematicuniverse/images/4/41/IM_Game.png/revision/latest?cb=20141016002715', 193502);

COMMIT;


-- -----------------------------------------------------
-- Data for table `FilmsDB`.`Actors`
-- -----------------------------------------------------
START TRANSACTION;
USE `FilmsDB`;
INSERT INTO `FilmsDB`.`Actors` (`idActors`, `name`, `sname`, `yearBorn`, `countryId`, `imageLink`) VALUES (1, 'Keanu', 'Reeves', 1964, 1, 'http://crazymama.ru/images/bonus/big459.png');
INSERT INTO `FilmsDB`.`Actors` (`idActors`, `name`, `sname`, `yearBorn`, `countryId`, `imageLink`) VALUES (2, 'Robert', 'Downey Jr.', 1965, 1, 'http://postironic.org/wp-content/uploads/2012/04/444.png');
INSERT INTO `FilmsDB`.`Actors` (`idActors`, `name`, `sname`, `yearBorn`, `countryId`, `imageLink`) VALUES (3, 'Sylvester', 'Stallone', 1946, 5, 'http://static.kinokopilka.tv/system/images/people/images/000/000/147/1365253411/147_large.png');
INSERT INTO `FilmsDB`.`Actors` (`idActors`, `name`, `sname`, `yearBorn`, `countryId`, `imageLink`) VALUES (4, 'Arnold', 'Schwarzenegger', 1947, 11, 'http://stilmens.ru/wp-content/uploads/2015/08/%D0%90%D1%80%D0%BD%D0%BE%D0%BB%D1%8C%D0%B4-%D0%A8%D0%B2%D0%B0%D1%80%D1%86%D0%B5%D0%BD%D0%B5%D0%B3%D0%B3%D0%B5%D1%80.png');
INSERT INTO `FilmsDB`.`Actors` (`idActors`, `name`, `sname`, `yearBorn`, `countryId`, `imageLink`) VALUES (5, 'Morgan', 'Freeman', 1937, 1, 'http://www.pimpam.ru/images/news/newsid2130_0.png');
INSERT INTO `FilmsDB`.`Actors` (`idActors`, `name`, `sname`, `yearBorn`, `countryId`, `imageLink`) VALUES (6, 'Denzel ', 'Washington', 1954, 1, 'http://www.angelina-jolie.ru/site/files/2015/03/N4jphYv.png');
INSERT INTO `FilmsDB`.`Actors` (`idActors`, `name`, `sname`, `yearBorn`, `countryId`, `imageLink`) VALUES (7, 'Al', 'Pacino', 1940, 1, 'https://pmcdeadline2.files.wordpress.com/2014/12/pacino.png');
INSERT INTO `FilmsDB`.`Actors` (`idActors`, `name`, `sname`, `yearBorn`, `countryId`, `imageLink`) VALUES (8, 'Marlon', 'Brando', 1924, 1, 'http://vignette1.wikia.nocookie.net/filmguide/images/f/fb/Marlon_Brando.png/revision/latest?cb=20120321163105');
INSERT INTO `FilmsDB`.`Actors` (`idActors`, `name`, `sname`, `yearBorn`, `countryId`, `imageLink`) VALUES (9, 'Milla', 'Jovovich', 1975, 1, 'http://hronika.info/uploads/posts/2016-07/1468055311_screenshot_1.png');
INSERT INTO `FilmsDB`.`Actors` (`idActors`, `name`, `sname`, `yearBorn`, `countryId`, `imageLink`) VALUES (10, 'Omar', 'Sy', 1978, 2, 'http://www.vokrug.tv/pic/person/0/c/6/2/medium_0c628fb0e0c72fbaa29618aa5430d4da.png');
INSERT INTO `FilmsDB`.`Actors` (`idActors`, `name`, `sname`, `yearBorn`, `countryId`, `imageLink`) VALUES (11, 'Chloe', 'Moritz', 1997, 1, 'http://cs.pikabu.ru/images/previews_comm/2013-02_2/13602377513771.png');
INSERT INTO `FilmsDB`.`Actors` (`idActors`, `name`, `sname`, `yearBorn`, `countryId`, `imageLink`) VALUES (12, 'James', 'Purefoy', 1964, 3, 'http://i.movielib.ru/personpic/0764559/m/c220/Dzhejms_Pyurfoj.png');
INSERT INTO `FilmsDB`.`Actors` (`idActors`, `name`, `sname`, `yearBorn`, `countryId`, `imageLink`) VALUES (13, 'Timothy', 'Robbins', 1958, 1, 'http://s019.radikal.ru/i630/1305/1e/14cfd638fcc1.png');
INSERT INTO `FilmsDB`.`Actors` (`idActors`, `name`, `sname`, `yearBorn`, `countryId`, `imageLink`) VALUES (14, 'Willem', 'Dafoe', 1955, 1, 'http://www.interviewrussia.ru/sites/default/files/styles/medium/public/willem.png');
INSERT INTO `FilmsDB`.`Actors` (`idActors`, `name`, `sname`, `yearBorn`, `countryId`, `imageLink`) VALUES (15, 'Gwyneth ', 'Paltrow ', 1972, 1, 'http://hronika.info/uploads/posts/2017-01/1484920778_peltrou.png');

COMMIT;


-- -----------------------------------------------------
-- Data for table `FilmsDB`.`Actors_Films`
-- -----------------------------------------------------
START TRANSACTION;
USE `FilmsDB`;
INSERT INTO `FilmsDB`.`Actors_Films` (`actorFilmId`, `actorsId`, `filmsId`) VALUES (1, 1, 3);
INSERT INTO `FilmsDB`.`Actors_Films` (`actorFilmId`, `actorsId`, `filmsId`) VALUES (2, 7, 1);
INSERT INTO `FilmsDB`.`Actors_Films` (`actorFilmId`, `actorsId`, `filmsId`) VALUES (3, 8, 1);
INSERT INTO `FilmsDB`.`Actors_Films` (`actorFilmId`, `actorsId`, `filmsId`) VALUES (4, 5, 2);
INSERT INTO `FilmsDB`.`Actors_Films` (`actorFilmId`, `actorsId`, `filmsId`) VALUES (5, 13, 2);
INSERT INTO `FilmsDB`.`Actors_Films` (`actorFilmId`, `actorsId`, `filmsId`) VALUES (6, 9, 4);
INSERT INTO `FilmsDB`.`Actors_Films` (`actorFilmId`, `actorsId`, `filmsId`) VALUES (7, 12, 4);
INSERT INTO `FilmsDB`.`Actors_Films` (`actorFilmId`, `actorsId`, `filmsId`) VALUES (8, 10, 5);
INSERT INTO `FilmsDB`.`Actors_Films` (`actorFilmId`, `actorsId`, `filmsId`) VALUES (9, 6, 6);
INSERT INTO `FilmsDB`.`Actors_Films` (`actorFilmId`, `actorsId`, `filmsId`) VALUES (10, 11, 6);
INSERT INTO `FilmsDB`.`Actors_Films` (`actorFilmId`, `actorsId`, `filmsId`) VALUES (11, 4, 7);
INSERT INTO `FilmsDB`.`Actors_Films` (`actorFilmId`, `actorsId`, `filmsId`) VALUES (12, 3, 8);
INSERT INTO `FilmsDB`.`Actors_Films` (`actorFilmId`, `actorsId`, `filmsId`) VALUES (13, 3, 9);
INSERT INTO `FilmsDB`.`Actors_Films` (`actorFilmId`, `actorsId`, `filmsId`) VALUES (14, 2, 10);
INSERT INTO `FilmsDB`.`Actors_Films` (`actorFilmId`, `actorsId`, `filmsId`) VALUES (15, 15, 10);
INSERT INTO `FilmsDB`.`Actors_Films` (`actorFilmId`, `actorsId`, `filmsId`) VALUES (16, 14, 3);

COMMIT;


-- -----------------------------------------------------
-- Data for table `FilmsDB`.`Films_Country`
-- -----------------------------------------------------
START TRANSACTION;
USE `FilmsDB`;
INSERT INTO `FilmsDB`.`Films_Country` (`countryId`, `filmsId`, `filmsCountryId`) VALUES (1, 1, 1);
INSERT INTO `FilmsDB`.`Films_Country` (`countryId`, `filmsId`, `filmsCountryId`) VALUES (5, 1, 2);
INSERT INTO `FilmsDB`.`Films_Country` (`countryId`, `filmsId`, `filmsCountryId`) VALUES (1, 2, 3);
INSERT INTO `FilmsDB`.`Films_Country` (`countryId`, `filmsId`, `filmsCountryId`) VALUES (1, 3, 4);
INSERT INTO `FilmsDB`.`Films_Country` (`countryId`, `filmsId`, `filmsCountryId`) VALUES (1, 4, 5);
INSERT INTO `FilmsDB`.`Films_Country` (`countryId`, `filmsId`, `filmsCountryId`) VALUES (2, 4, 6);
INSERT INTO `FilmsDB`.`Films_Country` (`countryId`, `filmsId`, `filmsCountryId`) VALUES (3, 4, 7);
INSERT INTO `FilmsDB`.`Films_Country` (`countryId`, `filmsId`, `filmsCountryId`) VALUES (7, 4, 8);
INSERT INTO `FilmsDB`.`Films_Country` (`countryId`, `filmsId`, `filmsCountryId`) VALUES (2, 5, 9);
INSERT INTO `FilmsDB`.`Films_Country` (`countryId`, `filmsId`, `filmsCountryId`) VALUES (1, 6, 10);
INSERT INTO `FilmsDB`.`Films_Country` (`countryId`, `filmsId`, `filmsCountryId`) VALUES (1, 7, 11);
INSERT INTO `FilmsDB`.`Films_Country` (`countryId`, `filmsId`, `filmsCountryId`) VALUES (1, 8, 12);
INSERT INTO `FilmsDB`.`Films_Country` (`countryId`, `filmsId`, `filmsCountryId`) VALUES (1, 9, 13);
INSERT INTO `FilmsDB`.`Films_Country` (`countryId`, `filmsId`, `filmsCountryId`) VALUES (1, 10, 14);

COMMIT;

